{
    "code": 100,
    "gps_x": 37.5414197,
    "gps_y": 127.0581953
}